<?xml version="1.0" encoding="UTF-8"?>
<project-private xmlns="http://www.netbeans.org/ns/project-private/1">
    <editor-bookmarks xmlns="http://www.netbeans.org/ns/editor-bookmarks/2" lastBookmarkId="0"/>
    <open-files xmlns="http://www.netbeans.org/ns/projectui-open-files/2">
        <group>
            <file>file:/C:/Users/Abhinav%20Kumar/Documents/NetBeansProjects/Ecom_webApp/web/admin.jsp</file>
            <file>file:/C:/Users/Abhinav%20Kumar/Documents/NetBeansProjects/Ecom_webApp/web/cart.jsp</file>
            <file>file:/C:/Users/Abhinav%20Kumar/Documents/NetBeansProjects/Ecom_webApp/web/checkout.jsp</file>
            <file>file:/C:/Users/Abhinav%20Kumar/Documents/NetBeansProjects/Ecom_webApp/web/index.jsp</file>
            <file>file:/C:/Users/Abhinav%20Kumar/Documents/NetBeansProjects/Ecom_webApp/web/userLogin.jsp</file>
            <file>file:/C:/Users/Abhinav%20Kumar/Documents/NetBeansProjects/Ecom_webApp/web/userRegistration.jsp</file>
        </group>
    </open-files>
</project-private>
